CLASS_DTL_ID	CLASS_ID	CLASS_DTL_CD	DICT_ID	VIEW_ORDER	DEFAULT_FLG
1	1	1	2350	1	0
2	1	2	1153	2	0
3	2	0	2112	1	1
4	2	1	2129	2	0
5	2	2	2130	3	0
6	2	3	2131	4	0
7	3	0	1874	1	0
8	3	1	1875	2	0
9	4	0	1773	1	0
10	4	1	1774	2	0
11	5	0	1771	1	0
12	5	1	1772	2	0
13	6	lot	266	1	0
14	6	lotOrder	268	2	0
15	6	limitDt	315	3	0
16	6	zoneCd	211	4	0
17	6	locationCd	262	5	0
18	6	locationOrder	2006	6	0
19	6	storeLabelNo	579	7	0
20	6	storeDt	589	8	0
21	7	YMTFMT	2160	1	0
22	7	YUPKFMT	2161	2	0
23	8	0	1778	1	0
24	8	1	1777	2	0
25	9	1	486	1	0
26	9	2	449	2	0
27	10	0	2110	1	1
28	10	1	2111	2	0
29	11	0	1778	1	0
30	11	1	1777	2	0
31	12	CODE39	2116	1	0
32	12	CODE128	2117	2	0
33	12	CODABAR	2118	3	0
34	12	JAN	2119	4	0
35	12	ITF	2120	5	0
36	13	1	1781	2	0
37	13	0	1782	1	0
38	14	0	2121	1	1
39	14	1	2122	2	0
40	15	0	1838	1	1
41	15	1	1842	2	0
42	16	0	2127	1	0
43	16	1	2128	2	1
44	17	1	736	1	0
45	17	2	748	2	0
46	18	0	1814	0	0
47	18	1	2063	1	0
48	19	MS932	2009	1	0
49	19	UTF8	2058	2	0
50	20	0	1846	1	1
51	20	1	1847	2	0
52	21	0	1862	1	0
53	21	7	1863	2	0
54	22	1	2059	1	0
55	22	2	2060	2	0
56	23	0	2059	1	0
57	23	1	2060	2	0
58	23	2	2065	3	0
59	24	0	1909	1	0
60	24	1	2002	2	0
61	24	2	2003	3	0
62	24	3	2004	4	0
63	25	0	1907	1	0
64	25	1	1908	2	0
65	26	text	1938	1	0
66	26	number	1939	2	0
67	26	date	883	3	0
68	26	datetime	1940	4	0
69	26	dropdown	1951	5	0
70	26	checkbox	1952	6	0
71	26	calcnumber	2914	7	0
72	27	0	2439	0	0
73	27	1	2440	1	0
74	28	0	1906	1	0
75	28	1	1907	2	0
76	29	0	1814	1	0
77	29	1	2016	2	0
78	29	2	2017	3	0
79	30	0	2055	1	0
80	30	1	2056	2	0
81	30	2	2057	3	0
82	31	0	1888	1	0
83	31	1	1889	2	0
84	32	0	1991	1	1
85	32	1	1992	2	0
86	33	0	1805	1	0
87	33	1	1264	2	0
88	33	2	1265	3	0
89	33	3	1266	4	0
90	34	0	1989	1	1
91	34	1	1990	2	0
92	35	0	1822	1	1
93	35	1	1987	2	0
94	35	2	1988	3	0
95	36	01	1984	1	0
96	36	02	2084	2	0
97	36	03	1985	3	0
98	36	04	1986	4	0
99	36	05	1983	5	0
100	36	06	2156	6	0
101	36	07	2157	7	0
102	36	08	2158	8	0
103	36	09	2159	9	0
104	37	text	1938	1	0
105	37	number	1939	2	0
106	37	date	883	3	0
107	37	datetime	1940	4	0
108	37	time	136	4	0
109	38	0	1860	1	1
110	38	1	1861	2	0
111	39	0	1860	1	0
112	39	1	1861	2	0
113	40	0	1783	1	1
114	40	1	1784	2	0
115	41	0	1838	1	1
116	41	1	1842	2	0
117	42	0	2330	1	0
118	42	1	2331	2	0
119	43	A	1823	1	0
120	43	B	1824	2	0
121	43	C	1825	3	0
122	43	D	1826	4	0
123	43	E	1827	5	0
124	43	F	1828	6	0
125	43	G	1829	7	0
126	43	H	1830	8	0
127	43	I	1831	9	0
128	43	J	1832	10	0
129	44	1	1777	2	0
130	44	0	1778	1	0
131	45	1	1777	2	0
132	45	0	1778	1	0
133	46	0	1954	1	0
134	46	1	610	2	0
135	47	0	2282	1	1
136	47	1	448	2	0
137	47	2	390	3	0
138	48	0	1968	1	0
139	48	1	1935	2	1
140	49	0	1842	1	1
141	49	1	1843	2	0
142	50	0	1814	1	1
143	50	1	1809	2	0
144	51	0	1785	1	0
145	51	1	980	2	0
146	52	0	2091	1	1
147	52	1	2092	2	0
148	53	0	2061	1	0
149	54	0	1815	1	0
150	54	1	1816	2	0
151	55	0	1767	1	0
152	55	1	1768	2	0
153	56	0	2328	1	0
154	56	1	2329	2	0
155	57	0	1814	1	0
156	57	1	2384	2	0
157	57	2	2385	3	0
158	58	0	1778	1	1
159	58	1	1777	2	0
160	59	0	2334	1	0
161	59	1	2335	2	0
162	60	0	1837	1	0
163	60	1	1838	2	1
164	61	0	1886	1	0
165	61	1	1887	2	0
166	62	^[0-9]*$	1941	1	0
167	62	^[0-9\-]*$	1942	2	0
168	62	^[a-zA-Z]*$	1945	3	0
169	62	^[a-zA-Z\-]*$	1946	4	0
170	62	^[0-9a-zA-Z]*$	1943	5	0
171	62	^[0-9a-zA-Z\-]*$	1944	6	0
172	62	^[!-~]*$	1950	7	0
173	62	^[ -~｡-ﾟ]*$	1947	8	0
174	62	^[^ -~｡-ﾟ]*$	1948	9	0
175	62	^([0-1][0-9]|[2][0-3]):[0-5][0-9]$	1949	10	0
176	62	^([0-1][0-9]|[2][0-3]):[0-5][0-9]:[0-5][0-9]$	2071	11	0
177	63	00	1804	1	0
178	63	10	1805	2	0
179	63	20	1806	3	0
180	63	30	1807	4	0
181	64	0	1871	1	0
182	64	1	1872	2	0
183	64	7	1873	7	0
184	65	0	1915	1	0
185	65	1	1914	2	1
186	66	0	1890	1	1
187	66	1	1891	2	0
188	67	text	1938	1	0
189	67	number	1939	2	0
190	67	date	883	3	0
191	67	datetime	1940	4	0
192	67	dropdown	1951	5	0
193	67	checkbox	1952	6	0
194	67	grid	1953	7	0
195	68	0	1933	1	0
196	68	1	1932	2	0
197	69	1	1775	2	0
198	69	0	1776	1	0
199	70	1	1775	2	0
200	70	0	1776	1	0
201	71	inputLimitCheckNumericOnlyError	1958	1	0
202	71	inputLimitCheckNumericAndHyphenOnlyError	1959	2	0
203	71	inputLimitCheckAlphabetOnlyError	1962	3	0
204	71	inputLimitCheckAlphabetAndHyphenOnlyError	1963	4	0
205	71	inputLimitCheckAlphabetAndNumericOnlyError	1960	5	0
206	71	inputLimitCheckAlphabetAndNumericAndHyphenOnlyError	1961	6	0
207	71	inputLimitCheckAlphabetAndNumericAndSymbolOnlyError	1967	7	0
208	71	inputLimitCheckHalfWidthOnlyError	1964	8	0
209	71	inputLimitCheckFullWidthOnlyError	1965	9	0
210	71	inputLimitCheckTimeOnlyError	1966	10	0
211	71	inputLimitCheckTimeHHMMSSOnlyError	2072	11	0
212	72	1	2381	1	0
213	72	2	2382	2	0
214	72	3	2383	3	0
215	73	0	1819	1	0
216	73	1	1820	2	0
217	74	0	1819	1	1
218	74	1	1820	2	0
219	74	2	1822	3	0
220	75	0	1819	1	0
221	75	1	1820	2	0
222	75	2	1821	3	0
223	76	0	1871	1	0
224	76	1	1872	2	0
225	77	00	1765	1	0
226	77	01	1766	2	0
227	78	0	2069	1	0
228	78	1	2070	2	0
229	79	1	1923	1	0
230	79	2	1924	2	0
231	79	3	1789	3	0
232	80	1	1919	1	0
233	80	2	1920	2	0
234	80	3	1921	3	0
235	80	4	1922	4	0
236	81	1	1781	1	0
237	81	2	1916	2	0
238	81	3	1917	3	0
239	82	1	1775	2	0
240	82	0	1776	1	0
241	83	1	1775	2	0
242	83	0	1776	1	0
243	84	00	1882	1	0
244	84	01	1884	2	0
245	84	02	1885	3	0
246	85	0	2390	0	0
247	85	1	2391	1	0
248	86	error	1789	1	0
249	86	warn	1924	2	0
250	86	info	1923	3	0
251	86	confirm	1143	4	0
252	87	0	2081	0	0
253	87	1	1764	1	0
254	88	00	1878	1	0
255	88	01	1879	2	0
256	88	02	1880	3	0
257	88	99	1881	4	0
258	89	0	2082	0	0
259	89	1	2083	1	0
260	90	0	2094	1	0
261	90	1	2095	2	0
262	91	0	1954	1	0
263	91	1	610	2	0
264	92	0	1841	1	0
265	92	1	1842	2	1
266	93	0	1842	1	0
267	93	1	938	2	1
268	94	0	1836	1	0
269	94	1	2066	2	0
270	95	0	1978	1	1
271	95	1	1979	2	0
272	96	0	1836	1	0
273	96	1	2066	2	0
274	97	0	1842	1	0
275	97	1	2096	2	1
276	98	1	1777	2	0
277	98	0	1778	1	0
278	99	0	2007	0	0
279	99	1	2008	1	0
280	100	0	2077	1	0
281	100	1	2078	2	0
282	101	0	2079	1	0
283	101	1	2080	2	0
284	102	0	1837	1	0
285	102	1	1838	2	0
286	103	10	1790	1	0
287	103	15	1791	2	0
288	103	20	1792	3	0
289	103	25	1793	4	0
290	103	30	1794	5	0
291	103	35	1795	6	0
292	103	40	1796	7	0
293	103	45	1797	8	0
294	103	50	901	9	0
295	103	55	902	10	0
296	103	60	3860	11	0
297	103	90	1799	12	0
298	103	99	980	13	0
299	104	0	2067	1	0
300	104	1	2068	2	0
301	105	0	2007	0	0
302	105	1	2008	1	0
303	106	1	819	1	0
304	107	1	1817	1	1
305	107	2	1818	2	0
306	107	3	2600	3	0
307	107	4	1664	4	0
308	108	1	1003	1	0
309	108	2	724	2	0
310	109	0	1778	1	0
311	109	1	1777	2	0
312	110	0	2112	1	0
313	110	1	2115	2	0
314	111	0	1868	1	0
315	111	1	1869	2	0
316	111	7	1870	3	0
317	112	1	1769	2	0
318	112	0	1770	1	0
319	113	10	1790	1	0
320	113	15	1791	2	0
321	113	20	1792	3	0
322	113	25	1793	4	0
323	113	30	1794	5	0
324	113	35	1795	6	0
325	113	40	1796	7	0
326	113	45	1797	8	0
327	113	50	901	9	0
328	113	55	902	10	0
329	113	60	3860	11	0
330	113	90	1799	12	0
331	113	99	980	13	0
332	114	0	2607	1	1
333	114	1	1178	2	0
334	115	0	1982	1	0
335	115	1	2050	2	0
336	115	2	2051	3	0
337	115	3	2052	4	0
338	115	5	2053	5	0
339	115	6	2054	6	0
340	116	1	1814	1	1
341	116	2	111	2	0
342	117	0	1876	1	0
343	117	1	1988	2	0
344	118	0	2097	1	1
345	118	1	2098	2	0
346	119	0	2105	1	1
347	119	9	2100	2	0
348	120	0	2106	1	1
349	120	1	2107	2	0
350	120	2	2108	3	0
351	121	0	2097	1	0
352	121	1	2098	2	0
353	121	2	2099	3	0
354	121	9	2100	4	0
355	122	0	2066	1	0
356	122	1	1836	2	0
357	123	0	2326	1	0
358	123	1	2327	2	0
359	124	CODE39	2116	1	1
360	124	CODE128	2117	2	0
361	124	CODABAR	2118	3	0
362	124	JAN	2119	4	0
363	124	ITF	2120	5	0
364	125	0	2123	1	1
365	125	1	2124	2	0
366	125	2	2125	3	0
367	126	CODE39	2116	1	1
368	126	CODE128	2117	2	0
369	126	CODABAR	2118	3	0
370	126	JAN	2119	4	0
371	126	ITF	2120	5	0
372	127	0	2007	0	0
373	127	1	2008	1	0
374	128	101	1982	1	0
375	128	102	2536	2	0
376	128	103	2537	3	0
377	128	105	2538	4	0
378	128	107	2539	5	0
379	128	113	2540	6	0
380	128	201	2541	7	0
381	128	202	2542	8	0
382	128	203	2543	9	0
383	128	601	2544	10	0
384	128	603	2545	11	0
385	128	605	2546	12	0
386	128	701	2547	13	0
387	128	702	2548	14	0
388	128	703	2549	15	0
389	128	704	2550	16	0
390	128	705	2551	17	0
391	128	707	2552	18	0
392	129	0	1846	1	0
393	129	1	1847	2	1
394	130	0	1896	1	0
395	130	1	1899	2	0
396	130	2	1900	3	0
397	130	3	1901	4	0
398	130	4	1902	5	0
399	130	5	1903	6	0
400	130	6	1898	7	0
401	131	00	1800	1	0
402	131	01	1801	2	0
403	131	02	1802	3	0
404	131	09	1803	4	0
405	132	0	1854	1	0
406	132	1	1855	2	0
407	133	01	1786	1	0
408	133	02	1787	2	0
409	133	03	1788	3	0
410	133	90	796	4	0
411	133	99	980	5	0
412	134	0	2075	1	0
413	134	1	2076	2	0
414	135	1	2126	1	0
415	136	0	2085	1	1
416	136	1	2086	2	0
417	136	2	1876	3	0
418	137	0	2073	1	0
419	137	1	2074	2	0
420	138	0	2000	1	0
421	138	1	2001	2	0
422	139	0	1808	1	0
423	139	1	1809	2	0
424	140	0	2112	1	1
425	140	1	2113	2	0
426	140	2	2114	3	0
427	140	3	2115	4	0
428	141	0	2089	1	0
429	141	1	2090	2	0
430	142	0	1969	1	1
431	142	1	1970	2	0
432	143	0	2106	1	1
433	143	1	2107	2	0
434	144	1	159	1	0
435	144	2	160	2	0
436	144	3	819	3	0
437	145	0	137	1	1
438	145	1	138	2	0
439	145	2	139	3	0
440	146	0	2032	1	0
441	146	1	2035	2	0
442	146	2	2036	3	0
443	146	5	2037	4	0
444	147	1	3257	1	0
445	147	2	3258	2	0
446	147	3	3259	3	0
447	148	0	3260	1	0
448	148	1	3261	2	0
449	149	0	2101	1	1
450	149	1	2102	2	0
451	150	0	1856	1	0
452	150	1	1857	2	0
453	151	10	1790	1	0
454	151	15	1791	2	0
455	151	20	1792	3	0
456	151	25	1793	4	0
457	151	30	1794	5	0
458	151	35	1795	6	0
459	151	40	1796	7	0
460	151	45	1797	8	0
461	151	50	901	9	0
462	151	55	902	10	0
463	151	60	3860	11	0
464	151	90	1799	12	0
465	151	99	980	13	0
466	152	1	1779	2	0
467	152	0	1780	1	0
468	153	0	1842	1	1
469	153	1	1844	2	0
470	154	0	1852	1	0
471	154	1	1853	2	0
472	155	0	1842	1	0
473	155	1	1845	2	1
474	156	0	2010	1	0
475	156	2	2011	2	0
476	156	3	2012	3	0
477	156	4	2013	4	0
478	156	5	2014	5	0
479	156	6	2015	6	0
480	157	0	3348	1	0
481	157	1	3347	2	1
482	158	0	1858	1	0
483	158	1	1859	2	0
484	159	0	1848	1	1
485	159	1	1849	2	0
486	159	2	1850	3	0
487	159	3	1851	4	0
488	160	0	1876	1	0
489	160	1	1877	2	0
490	161	0	1810	1	0
491	161	1	1811	2	0
492	162	0	1846	1	1
493	162	1	1847	2	0
494	163	0	3262	1	0
495	163	1	3263	2	0
496	163	2	3264	3	0
497	164	0	3265	1	0
498	164	1	3266	2	0
499	165	0	1812	1	1
500	165	1	1813	2	0
501	166	0	3267	1	0
502	166	1	3268	2	0
503	167	0	3269	1	0
504	167	1	3270	2	0
505	168	0	1838	1	0
506	168	1	1837	2	1
507	169	1	1833	2	0
508	169	0	1977	1	0
509	170	0	1840	1	0
510	170	1	1839	2	1
511	171	0	1776	1	0
512	171	1	1775	2	0
513	172	0	1892	1	0
514	172	1	1893	2	0
515	173	0	1838	0	1
516	173	1	1837	1	0
517	174	0	1776	1	0
518	174	1	1775	2	0
519	175	0	1882	1	0
520	175	1	1883	2	0
521	176	1	1930	1	0
522	176	2	1931	2	0
523	177	1	1814	1	0
524	177	2	1925	2	0
525	177	3	1926	3	0
526	177	4	1927	4	0
527	177	5	1928	5	0
528	177	6	1929	6	0
529	178	base	1936	1	0
530	178	wms	1937	2	1
531	179	0	2112	1	1
532	179	1	2132	2	0
533	180	0	390	1	1
534	180	1	448	2	0
535	180	2	1674	3	0
536	181	0	390	1	1
537	181	1	448	2	0
538	182	left	1955	1	0
539	182	right	1956	2	0
540	182	center	1957	3	0
541	183	0	3271	1	0
542	183	1	3272	2	0
543	184	1	2147	1	1
544	184	2	2148	2	0
545	185	0	1842	0	1
546	185	1	2064	1	0
547	186	1	1835	2	1
548	186	0	1842	1	0
549	187	0	1904	1	0
550	187	1	1905	2	0
551	187	2	1898	3	0
552	188	0	1896	1	0
553	188	1	1897	2	0
554	188	2	1898	3	0
555	189	0	2103	1	1
556	189	1	2104	2	0
557	190	tRakutenOrder	2388	1	0
558	190	tAmazonOrder	2394	2	0
559	190	tYahooOrder	2395	3	0
560	191	0	1778	1	1
561	191	1	1777	2	0
562	192	0	2623	1	0
563	192	1	2624	2	0
564	193	1	1777	2	0
565	193	0	1778	1	0
566	194	0	1774	1	0
567	194	1	1773	2	1
568	195	0	1993	1	0
569	195	1	1994	2	0
570	196	0	2442	0	0
571	196	1	2443	1	0
572	197	0812	1823	1	0
573	197	1214	1824	2	0
574	197	1416	1825	3	0
575	197	1618	1826	4	0
576	197	1820	1827	5	0
577	197	1921	1829	6	0
578	197	2021	1830	7	0
579	197	0010	1831	8	0
580	197	0017	1832	9	0
581	198	00	2133	1	0
582	198	51	1823	2	0
583	198	52	1824	3	0
584	198	53	1825	4	0
585	198	54	1826	5	0
586	198	55	1827	6	0
587	198	57	1829	7	0
588	198	56	1830	8	0
589	199	0	1894	1	0
590	199	1	1895	2	0
591	200	1	1147	1	1
592	200	2	1637	2	0
593	201	MCenterCol	2646	1	0
594	201	MCenterItem	2647	2	0
595	201	MCenterScreen	2648	3	0
596	201	MCarrierSlipSgw	2649	4	0
597	201	MCarrierSlipYmt	2650	5	0
598	201	MCarrierSlipYupk	2651	6	0
599	202	0	2112	1	1
600	202	1	2115	2	0
601	203	0	2707	1	0
602	203	1	2708	2	0
603	204	0	2709	1	1
604	204	1	2710	2	0
605	205	0	2711	1	0
606	205	1	2712	2	1
607	206	0	2711	1	0
608	206	1	2712	2	1
609	207	01	1879	1	0
610	207	02	1916	2	0
611	207	03	1918	3	0
612	208	0	1890	1	0
613	208	1	1891	2	0
614	209	1	145	1	0
615	209	2	146	2	0
616	210	0	1819	1	0
617	210	1	1820	2	0
618	211	0	2711	1	0
619	211	1	2712	2	1
620	212	PPD	3000	1	0
621	212	PPB	3001	2	0
622	212	COL	3002	3	0
623	212	CO1	3003	4	0
624	212	CO2	3004	5	0
625	212	3PL	3005	6	0
626	213	0	3029	1	0
627	213	1	3030	2	0
628	214	0	3031	1	0
629	214	1	3032	2	0
630	215	01	3034	1	0
631	215	02	3035	2	0
632	215	03	3036	3	0
633	215	04	3037	4	0
634	215	05	3038	5	0
635	215	06	3039	6	0
636	215	07	3040	7	0
637	215	08	3041	8	0
638	215	09	3042	9	0
639	215	10	3043	10	0
640	215	11	3044	11	0
641	215	12	3045	12	0
642	215	13	3046	13	0
643	215	14	3047	14	0
644	215	15	3048	15	0
645	215	16	3049	16	0
646	215	17	3050	17	0
647	215	18	3051	18	0
648	216	1	3138	1	0
649	216	0	3139	2	0
650	217	1	3138	1	0
651	217	0	3139	2	0
652	218	1	3138	1	0
653	218	0	3139	2	0
654	219	1	3138	1	0
655	219	0	3139	2	0
656	220	1	3138	1	0
657	220	0	3139	2	0
658	221	1	3138	1	0
659	221	0	3139	2	0
660	222	1	3138	1	0
661	222	0	3139	2	0
662	223	1	3138	1	0
663	223	0	3139	2	0
664	224	1	3138	1	0
665	224	0	3139	2	0
666	225	1	3138	1	0
667	225	0	3139	2	0
668	226	1	3138	1	0
669	226	0	3139	2	0
670	227	1	3138	1	0
671	227	0	3139	2	0
672	228	1	3138	1	0
673	228	0	3139	2	0
674	229	1	3138	1	0
675	229	0	3139	2	0
676	230	1	3138	1	0
677	230	0	3139	2	0
678	231	1	3138	1	0
679	231	0	3139	2	0
680	232	1	3138	1	0
681	232	0	3139	2	0
682	233	1	3138	1	0
683	233	0	3139	2	0
684	234	1	3138	1	0
685	234	0	3139	2	0
686	235	1	3138	1	0
687	235	0	3139	2	0
688	236	1	3138	1	0
689	236	0	3139	2	0
690	237	1	3138	1	0
691	237	0	3139	2	0
692	238	1	3138	1	0
693	238	0	3139	2	0
694	239	1	2578	1	0
695	239	2	3325	2	0
696	239	3	3326	3	0
697	239	4	1614	4	0
698	239	5	3327	5	0
699	239	6	2600	6	0
700	240	0	2711	1	0
701	240	1	2712	2	0
702	241	0	2711	1	0
703	241	1	2712	2	0
704	242	1	3362	1	0
705	242	2	3363	2	0
706	242	4	3364	3	0
707	242	8	3365	4	0
708	243	0	3371	1	1
709	243	1	3372	2	0
710	244	1	3380	1	0
711	245	1	3380	1	0
712	246	0	3422	1	0
713	246	1	3423	2	0
714	247	01	3381	1	0
715	247	02	3382	2	0
716	247	03	3383	3	0
717	247	04	3384	4	0
718	247	05	3385	5	0
719	247	06	3386	6	0
720	247	07	3387	7	0
721	247	08	3388	8	0
722	247	09	3389	9	0
723	247	10	3390	10	0
724	247	11	3391	11	0
725	247	12	3392	12	0
726	248	0	1789	1	0
727	248	1	1924	2	0
728	249	0	3393	1	0
729	249	1	3394	2	0
730	249	2	3395	3	0
731	250	0	1794	1	0
732	250	1	3396	2	0
733	250	2	3397	3	0
734	251	2000	3743	1	0
735	251	2300	3744	2	0
736	251	2400	3406	3	0
737	251	2500	3405	4	0
738	251	5000	3403	5	0
739	251	9998	3745	6	0
740	251	9999	3746	7	0
741	252	1	3398	1	0
742	253	JP	3486	1	0
743	253	YMT	3469	2	0
744	253	SGW	3470	3	0
745	254	1	3469	1	0
746	254	2	3470	2	0
747	254	6	3471	3	0
748	254	7	2529	4	0
749	255	Y	1178	1	0
750	256	0	3399	1	0
751	257	1	3400	1	0
752	258	BLDL3350	3401	1	0
753	259	1	3643	1	0
754	259	2	3643	2	0
755	260	1	2607	1	0
756	260	2	1178	2	0
757	261	W100	1754	1	0
758	262	C001	3402	1	0
759	262	C003	3403	2	0
760	263	C001	3402	1	0
761	263	C002	3404	2	0
762	263	C003	3403	3	0
763	263	C004	3405	4	0
764	263	C005	3406	5	0
765	264	0	3407	1	0
766	265	A	1823	1	0
767	265	B	1824	2	0
768	265	C	1825	3	0
769	265	D	1826	4	0
770	265	E	1827	5	0
771	265	F	1828	6	0
772	265	G	1829	7	0
773	265	H	1830	8	0
774	265	I	1831	9	0
775	265	J	1832	10	0
776	266	2700	3747	1	0
777	267	1	3408	1	0
778	268	11	3750	2	0
779	268	39	3751	3	0
780	268	49	3751	4	0
781	269	1	3409	1	0
782	270	1	3420	1	0
783	271	ZBB7	2337	1	0
784	272	1	3410	1	0
785	272	2	3411	2	0
786	273	01	3752	1	0
787	273	02	1916	2	0
788	273	03	1917	3	0
789	274	BLDL350N	3412	1	0
790	274	BLDL350K	3412	2	0
791	274	BLDL6760	3051	3	0
792	274	BLDL3350	3412	4	0
793	274	BLDL3390	3049	5	0
794	274	BLDL3310	3049	6	0
795	275	2002	3413	1	0
796	275	2000	3414	2	0
797	276	01	3753	1	0
798	276	02	3754	2	0
799	276	03	3414	3	0
800	276	04	3413	4	0
801	276	05	3755	5	0
802	277	0	3415	1	0
803	277	1	3416	2	0
804	278	1	3756	1	0
805	278	3	3757	2	0
806	278	4	3758	3	0
807	279	0	3417	1	0
808	279	1	3418	2	0
809	279	2	3419	3	0
810	280	0	3420	1	0
811	280	1	3421	2	0
812	280	2	1809	3	0
813	281	0	3422	1	0
814	281	1	3423	2	0
815	282	0	3422	1	0
816	282	1	3423	2	0
817	283	10	3424	1	0
818	283	20	3425	2	0
819	283	30	3426	3	0
820	283	40	3427	4	0
821	283	45	3428	5	0
822	283	50	3429	6	0
823	283	60	3430	7	0
824	283	70	3431	8	0
825	284	0	3472	1	0
826	284	1	3473	2	0
827	285	Y	3474	1	0
828	286	0	3422	1	0
829	286	1	3423	2	0
830	287	00	3475	1	0
831	287	01	3476	2	0
832	288	01	3477	1	0
833	289	0	1977	1	0
834	289	1	1833	2	0
835	290	01	3478	1	0
836	291	01	3479	1	0
837	291	02	3480	2	0
838	291	03	3481	3	0
839	291	04	3482	4	0
840	292	0	2711	1	0
841	292	1	3483	2	0
842	292	2	3484	3	0
843	293	1	3759	1	0
844	294	0	3422	1	0
845	294	1	3423	2	0
846	295	0	2711	1	0
847	295	1	3760	2	0
848	295	3	3761	3	0
849	296	0	2711	1	0
850	296	1	3760	2	0
851	296	3	3761	3	0
852	297	0	3422	1	0
853	297	1	3423	2	0
854	298	1	3485	1	0
855	299	0	3422	1	0
856	299	1	3423	2	0
857	300	0	2711	1	0
858	300	1	3760	2	0
859	300	3	3761	3	0
860	301	0	2711	1	0
861	301	1	3760	2	0
862	301	3	3761	3	0
863	302	1	2607	1	0
864	302	2	1178	2	0
865	303	0	3422	1	0
866	303	1	3423	2	0
867	304	01	3762	1	0
868	304	02	3763	2	0
869	305	JP	3486	1	0
870	305	YMT	3469	2	0
871	305	SGW	3470	3	0
872	306	0	3487	1	0
873	306	1	3488	2	0
874	307	A1	3764	1	0
875	307	B1	3765	2	0
876	307	B2	3766	3	0
877	307	C1	3767	4	0
878	307	D1	3768	5	0
879	307	D2	3769	6	0
880	307	D3	3770	7	0
881	307	D4	3771	8	0
882	307	D5	3772	9	0
883	307	D6	3773	10	0
884	307	D7	3774	11	0
885	307	E1	3775	12	0
886	308	A1	3776	1	0
887	308	B1	3777	2	0
888	308	C1	3778	3	0
889	308	C2	3779	4	0
890	308	C3	3780	5	0
891	308	D1	3781	6	0
892	308	D2	3782	7	0
893	308	E1	3783	8	0
894	308	E2	3784	9	0
895	309	1	3489	1	0
896	309	2	3490	2	0
897	309	3	3491	3	0
898	309	4	3492	4	0
899	309	5	3493	5	0
900	309	6	3494	6	0
901	310	1	3764	1	0
902	310	2	3785	2	0
903	310	3	3786	3	0
904	310	4	3787	4	0
905	310	5	3775	5	0
906	311	1	3776	1	0
907	311	2	3777	2	0
908	311	3	3778	3	0
909	311	4	3788	4	0
910	311	5	3789	5	0
911	312	0	3422	1	0
912	312	1	3423	2	0
913	313	1	3495	1	0
914	313	2	3496	2	0
915	314	BLDL5050	3497	1	0
916	315	1	3394	1	0
917	315	2	3395	2	0
918	315	3	3187	3	0
919	315	4	3498	4	0
920	315	5	3499	5	0
921	315	6	3500	6	0
922	315	7	3501	7	0
923	315	8	3502	8	0
924	315	9	3503	9	0
925	315	10	3504	10	0
926	315	11	3505	11	0
927	315	12	3506	12	0
928	316	0	1890	1	0
929	316	1	1891	2	0
930	316	2	1876	3	0
931	317	1	3507	1	0
932	317	2	3508	2	0
933	317	3	3509	3	0
934	317	4	3510	4	0
935	317	6	3511	5	0
936	317	7	3512	6	0
937	317	8	3513	7	0
938	317	A	3514	8	0
939	317	B	3515	9	0
940	317	D	3516	10	0
941	317	E	3517	11	0
942	317	F	3518	12	0
943	317	G	3519	13	0
944	317	H	3520	14	0
945	317	I	3521	15	0
946	317	J	3522	16	0
947	317	K	3523	17	0
948	317	Q	3524	18	0
949	318	1	2578	1	0
950	318	2	3806	2	0
951	318	3	2600	3	0
952	319	01	3525	1	0
953	319	02	3526	2	0
954	319	03	3527	3	0
955	319	04	3528	4	0
956	319	05	3529	5	0
957	319	06	3530	6	0
958	319	07	3531	7	0
959	319	08	3532	8	0
960	319	09	3533	9	0
961	319	10	3534	10	0
962	319	11	3535	11	0
963	319	12	3536	12	0
964	319	13	3537	13	0
965	319	14	3538	14	0
966	319	15	3539	15	0
967	319	16	3540	16	0
968	319	17	3541	17	0
969	319	18	3542	18	0
970	319	19	3543	19	0
971	319	20	3544	20	0
972	319	21	3545	21	0
973	319	22	3546	22	0
974	319	23	3547	23	0
975	319	24	3548	24	0
976	319	25	3549	25	0
977	319	26	3550	26	0
978	319	27	3551	27	0
979	319	28	3552	28	0
980	319	29	3553	29	0
981	319	30	3554	30	0
982	319	31	3555	31	0
983	319	32	3556	32	0
984	319	33	3557	33	0
985	319	34	3558	34	0
986	319	35	3559	35	0
987	319	36	3560	36	0
988	319	37	3561	37	0
989	319	38	3562	38	0
990	319	39	3563	39	0
991	319	40	3564	40	0
992	319	41	3565	41	0
993	319	42	3566	42	0
994	319	43	3567	43	0
995	319	44	3568	44	0
996	319	45	3569	45	0
997	319	46	3570	46	0
998	319	47	3571	47	0
999	319	99	2025	48	0
1000	320	01	3572	1	0
1001	321	0	3422	1	0
1002	321	1	3423	2	0
1003	322	0	2711	1	0
1004	322	1	3760	2	0
1005	322	3	3761	3	0
1006	323	0	2711	1	0
1007	323	1	3760	2	0
1008	323	3	3761	3	0
1009	324	10	3394	1	0
1010	324	20	3394	2	0
1011	324	30	3395	3	0
1012	324	40	3187	4	0
1013	324	45	3498	5	0
1014	324	50	3499	6	0
1015	324	60	3500	7	0
1016	324	70	3501	8	0
1017	325	01	3573	1	0
1018	325	02	3574	2	0
1019	325	03	3575	3	0
1020	325	04	3576	4	0
1021	326	01	3577	1	0
1022	326	02	3578	2	0
1023	326	03	3579	3	0
1024	326	04	3580	4	0
1025	326	05	3581	5	0
1026	326	06	3582	6	0
1027	326	07	3583	7	0
1028	327	01	1788	1	0
1029	327	02	3584	2	0
1030	328	0	1876	1	0
1031	328	1	1178	2	0
1032	328	2	2607	3	0
1033	329	1	3585	1	0
1034	329	2	1757	2	0
1035	329	3	3586	3	0
1036	329	4	3587	4	0
1037	329	5	3588	5	0
1038	329	6	3589	6	0
1039	330	1	3590	1	0
1040	330	2	3591	2	0
1041	330	3	3592	3	0
1042	330	4	3593	4	0
1043	330	5	3594	5	0
1044	330	6	3595	6	0
1045	331	6	3589	1	0
1046	332	01	1786	1	0
1047	333	1	3790	1	0
1048	333	2	3791	2	0
1049	334	01	3792	1	0
1050	334	02	3793	2	0
1051	334	03	3794	3	0
1052	334	04	3795	4	0
1053	335	0	3596	1	0
1054	335	1	3597	2	0
1055	336	1	2607	1	0
1056	336	2	1178	2	0
1057	337	1	3598	1	0
1058	338	0	3599	1	0
1059	338	1	390	2	0
1060	338	2	448	3	0
1061	339	0	3422	1	0
1062	339	1	3423	2	0
1063	340	1	1814	1	0
1064	340	2	3796	2	0
1065	341	Y	3600	1	0
1066	342	0	3861	1	0
1067	342	1	3601	2	0
1068	343	01	3602	1	0
1069	343	02	3603	2	0
1070	343	03	3604	3	0
1071	344	1	1758	1	0
1072	344	2	3605	2	0
1073	344	3	3606	3	0
1074	344	4	3607	4	0
1075	344	5	3608	5	0
1076	345	01	1790	1	0
1077	345	02	3807	2	0
1078	346	1	3609	1	0
1079	346	2	1809	2	0
1080	346	3	3606	3	0
1081	346	4	3607	4	0
1082	346	5	3608	5	0
1083	347	1	3505	1	0
1084	347	2	3610	2	0
1085	347	3	3610	3	0
1086	347	4	3610	4	0
1087	347	5	3610	5	0
1088	348	01	3611	1	0
1089	348	02	3612	2	0
1090	348	03	3613	3	0
1091	348	04	3614	4	0
1092	348	05	3615	5	0
1093	348	06	1163	6	0
1094	348	07	2277	7	0
1095	348	08	3616	8	0
1096	348	09	3617	9	0
1097	348	10	3618	10	0
1098	348	11	3619	11	0
1099	348	12	3620	12	0
1100	349	01	3420	1	0
1101	349	02	3621	2	0
1102	349	03	3622	3	0
1103	350	01	699	1	0
1104	350	02	886	2	0
1105	350	03	162	3	0
1106	351	P	3623	1	0
1107	351	D1	3624	2	0
1108	351	D2	3625	3	0
1109	351	D3	3626	4	0
1110	351	D4	3627	5	0
1111	352	Y	3643	1	0
1112	353	10	3797	1	0
1113	354	1	2007	1	0
1114	354	0	2624	2	0
1115	355	0	3628	1	0
1116	355	1	3629	2	0
1117	356	0	3630	1	0
1118	356	1	3631	2	0
1119	356	2	3632	3	0
1120	356	3	3633	4	0
1121	357	1	3634	1	0
1122	358	01	1756	2	0
1123	358	02	1757	3	0
1124	358	11	1758	4	0
1125	358	12	1759	5	0
1126	358	21	1760	6	0
1127	358	23	3635	7	0
1128	358	24	3636	8	0
1129	358	25	1763	9	0
1130	358	27	1912	10	0
1131	358	29	1913	11	0
1132	358	30	1480	12	0
1133	358	31	1484	13	0
1134	358	32	2087	14	0
1135	358	33	3637	15	0
1136	359	1	3468	1	0
1137	359	2	3638	2	0
1138	360	10	1879	1	0
1139	360	20	3639	2	0
1140	360	30	3640	3	0
1141	361	0	1846	1	0
1142	361	1	1847	2	0
1143	362	1	3380	1	0
1144	363	1	3798	1	0
1145	363	2	3799	2	0
1146	363	3	3800	3	0
1147	363	4	3801	4	0
1148	363	5	3802	5	0
1149	363	6	3803	6	0
1150	364	1	3643	1	0
1151	364	2	3643	2	0
1152	365	BLDL3390	3643	1	0
1153	366	BLDL3390	3643	1	0
1154	366	BLDL3350	3401	2	0
1155	367	01	2607	1	0
1156	367	02	1178	2	0
1157	368	0	3804	1	0
1158	368	1	3805	2	0
1159	369	1	160	1	0
1160	369	2	3641	2	0
1161	369	3	3642	3	0
1162	370	0	1778	1	0
1163	370	1	1777	2	0
1164	371	0	3814	1	0
1165	371	1	3815	2	0
1166	372	0	1819	1	0
1167	372	1	1820	2	0
1168	373	0	3816	1	0
1169	373	1	3817	2	0
1170	374	1	3820	1	0
1171	375	0	1890	1	0
1172	375	1	1891	2	0
1173	376	0	1890	1	0
1174	376	1	1891	2	0
1175	377	P135	3749	1	0
1176	377	P161	3822	2	0
1177	377	P801	3823	3	0
1178	377	P900	3824	4	0
1179	377	9999	3408	5	0
1180	378	0	1819	1	0
1181	378	1	1820	2	0
1182	379	0	3840	1	0
1183	379	1	3841	2	0
1184	380	1	3842	1	0
1185	381	0	3859	1	0
1186	381	1	3836	2	0
1187	382	P135	3749	1	0
1188	382	P161	3822	2	0
1189	382	P801	3823	3	0
1190	382	P900	3824	4	0
1191	383	0	3422	1	0
1192	383	1	3423	2	0
1193	384	0	2711	1	0
1194	384	1	2712	2	0
1195	385	0	2711	1	0
1196	385	1	2712	2	0
1197	386	0	2711	1	0
1198	386	1	2712	2	0
1199	387	0	2711	1	0
1200	387	1	2712	2	0
1201	388	0	2711	1	0
1202	388	1	2712	2	0
1203	389	0	1819	1	0
1204	389	1	1820	2	0
1205	390	20	3399	1	0
